instance,constraint_type,size,struct_type,n,original,refined,improvement,improvement_pct,runtime,optimal,status
n3_high_010,empty,small,empty,3,5.800000000000001,5.800000000000001,0.0,0.0,0.0023169517517089844,True,OK
n3_high_011,empty,small,empty,3,3.4,3.4,0.0,0.0,0.0017788410186767578,True,OK
n3_high_012,empty,small,empty,3,3.9,3.8179999999999996,0.0820000000000003,2.10256410256411,0.0018956661224365234,True,OK
n3_high_013,empty,small,empty,3,7.199999999999999,7.199999999999999,0.0,0.0,0.0016312599182128906,True,OK
n3_high_014,empty,small,empty,3,7.9,7.9,0.0,0.0,0.0014476776123046875,True,OK
n3_high_015,empty,small,empty,3,7.699999999999999,7.699999999999999,0.0,0.0,0.001039266586303711,True,OK
n3_high_016,empty,small,empty,3,5.800000000000001,5.800000000000001,0.0,0.0,0.0012009143829345703,True,OK
n3_high_017,empty,small,empty,3,3.4,3.4,0.0,0.0,0.0016448497772216797,True,OK
n3_high_018,empty,small,empty,3,3.9,3.8179999999999996,0.0820000000000003,2.10256410256411,0.0012354850769042969,True,OK
n3_high_026,empty,small,empty,3,7.199999999999999,7.199999999999999,0.0,0.0,0.0013208389282226562,True,OK
n3_high_027,empty,small,empty,3,7.9,7.9,0.0,0.0,0.001079559326171875,True,OK
n3_high_028,empty,small,empty,3,6.8,6.8,0.0,0.0,0.0010759830474853516,True,OK
n3_high_029,empty,small,empty,3,5.9,5.9,0.0,0.0,0.001216888427734375,True,OK
n3_high_030,empty,small,empty,3,7.699999999999999,7.699999999999999,0.0,0.0,0.0010173320770263672,True,OK
n3_high_031,empty,small,empty,3,6.8,6.8,0.0,0.0,0.0011398792266845703,True,OK
n3_high_032,empty,small,empty,3,5.9,5.9,0.0,0.0,0.0010135173797607422,True,OK
n3_medium_006,empty,small,empty,3,6.9,6.9,0.0,0.0,0.0012366771697998047,True,OK
n3_medium_007,empty,small,empty,3,5.9,5.55852,0.34148000000000067,5.787796610169503,0.0010211467742919922,True,OK
n3_medium_008,empty,small,empty,3,6.4,6.4,0.0,0.0,0.001291036605834961,True,OK
n3_medium_009,empty,small,empty,3,6.9,6.9,0.0,0.0,0.0010266304016113281,True,OK
n3_medium_010,empty,small,empty,3,5.9,5.55852,0.34148000000000067,5.787796610169503,0.0018839836120605469,True,OK
n3_medium_014,empty,small,empty,3,7.4,7.4,0.0,0.0,0.0010581016540527344,True,OK
n3_medium_015,empty,small,empty,3,6.4,6.4,0.0,0.0,0.0010335445404052734,True,OK
n3_medium_016,empty,small,empty,3,7.4,7.4,0.0,0.0,0.0010380744934082031,True,OK
n4_high_010,empty,small,empty,4,6.6,6.6,0.0,0.0,0.0013473033905029297,True,OK
n4_high_011,empty,small,empty,4,7.3,7.3,0.0,0.0,0.0011818408966064453,True,OK
n4_high_012,empty,small,empty,4,7.2,3.4249696,3.7750304000000003,52.43097777777778,0.0012552738189697266,True,OK
n4_high_013,empty,small,empty,4,6.7,6.7,0.0,0.0,0.0013957023620605469,True,OK
n4_high_014,empty,small,empty,4,4.6,4.6,0.0,0.0,0.001394510269165039,True,OK
n4_high_015,empty,small,empty,4,7.3,7.3,0.0,0.0,0.001150369644165039,True,OK
n4_high_016,empty,small,empty,4,6.6,6.6,0.0,0.0,0.0013060569763183594,True,OK
n4_high_017,empty,small,empty,4,7.3,7.3,0.0,0.0,0.0012364387512207031,True,OK
n4_high_018,empty,small,empty,4,7.2,3.4249696,3.7750304000000003,52.43097777777778,0.0018718242645263672,True,OK
n4_high_026,empty,small,empty,4,6.7,6.7,0.0,0.0,0.0012426376342773438,True,OK
n4_high_027,empty,small,empty,4,4.6,4.6,0.0,0.0,0.00124359130859375,True,OK
n4_high_028,empty,small,empty,4,7.5,7.5,0.0,0.0,0.0012731552124023438,True,OK
n4_high_029,empty,small,empty,4,8.0,8.0,0.0,0.0,0.001954793930053711,True,OK
n4_high_030,empty,small,empty,4,7.3,7.3,0.0,0.0,0.0028922557830810547,True,OK
n4_high_031,empty,small,empty,4,7.5,7.5,0.0,0.0,0.002418041229248047,True,OK
n4_high_032,empty,small,empty,4,8.0,8.0,0.0,0.0,0.0013897418975830078,True,OK
n4_medium_006,empty,small,empty,4,8.0,8.0,0.0,0.0,0.0017805099487304688,True,OK
n4_medium_007,empty,small,empty,4,6.799999999999999,6.7299999999999995,0.0699999999999994,1.0294117647058736,0.0016064643859863281,True,OK
n4_medium_008,empty,small,empty,4,7.5,7.5,0.0,0.0,0.0016450881958007812,True,OK
n4_medium_009,empty,small,empty,4,8.0,8.0,0.0,0.0,0.0014989376068115234,True,OK
n4_medium_010,empty,small,empty,4,6.799999999999999,6.7299999999999995,0.0699999999999994,1.0294117647058736,0.0013973712921142578,True,OK
n4_medium_014,empty,small,empty,4,8.0,8.0,0.0,0.0,0.001188039779663086,True,OK
n4_medium_015,empty,small,empty,4,7.5,7.5,0.0,0.0,0.0014073848724365234,True,OK
n4_medium_016,empty,small,empty,4,8.0,8.0,0.0,0.0,0.0013191699981689453,True,OK
n5_high_010,empty,small,empty,5,8.0,6.240239999999999,1.7597600000000009,21.99700000000001,0.0013391971588134766,True,OK
n5_high_011,empty,small,empty,5,5.6,5.6,0.0,0.0,0.0012848377227783203,True,OK
n5_high_012,empty,small,empty,5,7.1,7.1,0.0,0.0,0.0015251636505126953,True,OK
n5_high_013,empty,small,empty,5,7.3,7.3,0.0,0.0,0.0014328956604003906,True,OK
n5_high_014,empty,small,empty,5,6.9,6.9,0.0,0.0,0.001329183578491211,True,OK
n5_high_015,empty,small,empty,5,7.7,5.418752479999999,2.281247520000001,29.62659116883118,0.0014324188232421875,True,OK
n5_high_016,empty,small,empty,5,8.0,6.240239999999999,1.7597600000000009,21.99700000000001,0.0013871192932128906,True,OK
n5_high_017,empty,small,empty,5,5.6,5.6,0.0,0.0,0.0012691020965576172,True,OK
n5_high_018,empty,small,empty,5,7.1,7.1,0.0,0.0,0.0012981891632080078,True,OK
n5_high_026,empty,small,empty,5,7.3,7.3,0.0,0.0,0.0012400150299072266,True,OK
n5_high_027,empty,small,empty,5,6.9,6.9,0.0,0.0,0.0012767314910888672,True,OK
n5_high_028,empty,small,empty,5,7.800000000000001,7.800000000000001,0.0,0.0,0.0019598007202148438,True,OK
n5_high_029,empty,small,empty,5,7.3,7.3,0.0,0.0,0.0015227794647216797,True,OK
n5_high_030,empty,small,empty,5,7.7,5.418752479999999,2.281247520000001,29.62659116883118,0.0014803409576416016,True,OK
n5_high_031,empty,small,empty,5,7.800000000000001,7.800000000000001,0.0,0.0,0.0022428035736083984,True,OK
n5_high_032,empty,small,empty,5,7.3,7.3,0.0,0.0,0.0013155937194824219,True,OK
n5_medium_006,empty,small,empty,5,8.0,8.0,0.0,0.0,0.0012984275817871094,True,OK
n5_medium_007,empty,small,empty,5,5.3,5.3,0.0,0.0,0.0012691020965576172,True,OK
n5_medium_008,empty,small,empty,5,7.6,7.6,0.0,0.0,0.0016093254089355469,True,OK
n5_medium_009,empty,small,empty,5,8.0,8.0,0.0,0.0,0.0013532638549804688,True,OK
n5_medium_010,empty,small,empty,5,5.3,5.3,0.0,0.0,0.0015590190887451172,True,OK
n5_medium_014,empty,small,empty,5,7.9,7.9,0.0,0.0,0.0016193389892578125,True,OK
n5_medium_015,empty,small,empty,5,7.6,7.6,0.0,0.0,0.002175569534301758,True,OK
n5_medium_016,empty,small,empty,5,7.9,7.9,0.0,0.0,0.0014464855194091797,True,OK
n10_high_010,empty,medium,empty,10,7.5,7.5,0.0,0.0,0.00370025634765625,True,OK
n10_high_011,empty,medium,empty,10,6.499999999999999,6.499999999999999,0.0,0.0,0.0027806758880615234,True,OK
n10_high_012,empty,medium,empty,10,5.8,5.8,0.0,0.0,0.0030927658081054688,True,OK
n10_high_013,empty,medium,empty,10,7.2,7.2,0.0,0.0,0.0027456283569335938,True,OK
n10_high_014,empty,medium,empty,10,7.4,7.4,0.0,0.0,0.0028502941131591797,True,OK
n10_high_015,empty,medium,empty,10,7.5,7.5,0.0,0.0,0.002742767333984375,True,OK
n10_high_016,empty,medium,empty,10,7.5,7.5,0.0,0.0,0.00270843505859375,True,OK
n10_high_017,empty,medium,empty,10,6.499999999999999,6.499999999999999,0.0,0.0,0.0027801990509033203,True,OK
n10_high_018,empty,medium,empty,10,5.8,5.8,0.0,0.0,0.0027437210083007812,True,OK
n10_high_026,empty,medium,empty,10,7.2,7.2,0.0,0.0,0.0027222633361816406,True,OK
n10_high_027,empty,medium,empty,10,7.4,7.4,0.0,0.0,0.0027227401733398438,True,OK
n10_high_028,empty,medium,empty,10,7.6000000000000005,7.6000000000000005,0.0,0.0,0.0027360916137695312,True,OK
n10_high_029,empty,medium,empty,10,7.5,7.5,0.0,0.0,0.0027289390563964844,True,OK
n10_high_030,empty,medium,empty,10,7.5,7.5,0.0,0.0,0.00287628173828125,True,OK
n10_high_031,empty,medium,empty,10,7.6000000000000005,7.6000000000000005,0.0,0.0,0.0029022693634033203,True,OK
n10_high_032,empty,medium,empty,10,7.5,7.5,0.0,0.0,0.0027971267700195312,True,OK
n10_medium_006,empty,medium,empty,10,6.3,6.3,0.0,0.0,0.0027658939361572266,True,OK
n10_medium_007,empty,medium,empty,10,7.8,7.8,0.0,0.0,0.002888917922973633,True,OK
n10_medium_008,empty,medium,empty,10,7.2,7.2,0.0,0.0,0.00325775146484375,True,OK
n10_medium_009,empty,medium,empty,10,6.3,6.3,0.0,0.0,0.0027642250061035156,True,OK
n10_medium_010,empty,medium,empty,10,7.8,7.8,0.0,0.0,0.002937793731689453,True,OK
n10_medium_014,empty,medium,empty,10,6.7,6.7,0.0,0.0,0.0027875900268554688,True,OK
n10_medium_015,empty,medium,empty,10,7.2,7.2,0.0,0.0,0.002724170684814453,True,OK
n10_medium_016,empty,medium,empty,10,6.7,6.7,0.0,0.0,0.002752542495727539,True,OK
n6_high_010,empty,medium,empty,6,7.599999999999999,7.599999999999999,0.0,0.0,0.0015611648559570312,True,OK
n6_high_011,empty,medium,empty,6,6.5,6.5,0.0,0.0,0.001855611801147461,True,OK
n6_high_012,empty,medium,empty,6,6.5,6.5,0.0,0.0,0.0014874935150146484,True,OK
n6_high_013,empty,medium,empty,6,6.3999999999999995,6.3999999999999995,0.0,0.0,0.0014955997467041016,True,OK
n6_high_014,empty,medium,empty,6,7.1,7.1,0.0,0.0,0.0016815662384033203,True,OK
n6_high_015,empty,medium,empty,6,7.800000000000001,7.800000000000001,0.0,0.0,0.0017769336700439453,True,OK
n6_high_016,empty,medium,empty,6,7.599999999999999,7.599999999999999,0.0,0.0,0.0016126632690429688,True,OK
n6_high_017,empty,medium,empty,6,6.5,6.5,0.0,0.0,0.0016334056854248047,True,OK
n6_high_018,empty,medium,empty,6,6.5,6.5,0.0,0.0,0.0017268657684326172,True,OK
n6_high_026,empty,medium,empty,6,6.3999999999999995,6.3999999999999995,0.0,0.0,0.0017685890197753906,True,OK
n6_high_027,empty,medium,empty,6,7.1,7.1,0.0,0.0,0.001728057861328125,True,OK
n6_high_028,empty,medium,empty,6,7.9,7.9,0.0,0.0,0.0016865730285644531,True,OK
n6_high_029,empty,medium,empty,6,6.8,6.58,0.21999999999999975,3.235294117647055,0.0056035518646240234,True,OK
n6_high_030,empty,medium,empty,6,7.800000000000001,7.800000000000001,0.0,0.0,0.0015532970428466797,True,OK
n6_high_031,empty,medium,empty,6,7.9,7.9,0.0,0.0,0.0015511512756347656,True,OK
n6_high_032,empty,medium,empty,6,6.8,6.58,0.21999999999999975,3.235294117647055,0.0015947818756103516,True,OK
n6_medium_006,empty,medium,empty,6,7.199999999999999,7.199999999999999,0.0,0.0,0.0015211105346679688,True,OK
n6_medium_007,empty,medium,empty,6,7.2,7.2,0.0,0.0,0.0014464855194091797,True,OK
n6_medium_008,empty,medium,empty,6,6.4,6.4,0.0,0.0,0.0015411376953125,True,OK
n6_medium_009,empty,medium,empty,6,7.199999999999999,7.199999999999999,0.0,0.0,0.0015952587127685547,True,OK
n6_medium_010,empty,medium,empty,6,7.2,7.2,0.0,0.0,0.0014903545379638672,True,OK
n6_medium_014,empty,medium,empty,6,7.4,7.4,0.0,0.0,0.0014722347259521484,True,OK
n6_medium_015,empty,medium,empty,6,6.4,6.4,0.0,0.0,0.0015797615051269531,True,OK
n6_medium_016,empty,medium,empty,6,7.4,7.4,0.0,0.0,0.0015308856964111328,True,OK
n7_high_010,empty,medium,empty,7,7.700000000000001,7.700000000000001,0.0,0.0,0.001909494400024414,True,OK
n7_high_011,empty,medium,empty,7,6.900000000000001,6.900000000000001,0.0,0.0,0.0027501583099365234,True,OK
n7_high_012,empty,medium,empty,7,7.1,7.1,0.0,0.0,0.0023102760314941406,True,OK
n7_high_013,empty,medium,empty,7,8.0,8.0,0.0,0.0,0.0018317699432373047,True,OK
n7_high_014,empty,medium,empty,7,7.3,7.3,0.0,0.0,0.0019307136535644531,True,OK
n7_high_015,empty,medium,empty,7,5.7,5.7,0.0,0.0,0.0021467208862304688,True,OK
n7_high_016,empty,medium,empty,7,7.700000000000001,7.700000000000001,0.0,0.0,0.0018382072448730469,True,OK
n7_high_017,empty,medium,empty,7,6.900000000000001,6.900000000000001,0.0,0.0,0.0018281936645507812,True,OK
n7_high_018,empty,medium,empty,7,7.1,7.1,0.0,0.0,0.001850128173828125,True,OK
n7_high_026,empty,medium,empty,7,8.0,8.0,0.0,0.0,0.001771688461303711,True,OK
n7_high_027,empty,medium,empty,7,7.3,7.3,0.0,0.0,0.0019161701202392578,True,OK
n7_high_028,empty,medium,empty,7,6.599999999999999,6.5232715767283995,0.07672842327159923,1.1625518677515037,0.0020897388458251953,True,OK
n7_high_029,empty,medium,empty,7,7.1,7.1,0.0,0.0,0.002011537551879883,True,OK
n7_high_030,empty,medium,empty,7,5.7,5.7,0.0,0.0,0.0018944740295410156,True,OK
n7_high_031,empty,medium,empty,7,6.599999999999999,6.5232715767283995,0.07672842327159923,1.1625518677515037,0.0018999576568603516,True,OK
n7_high_032,empty,medium,empty,7,7.1,7.1,0.0,0.0,0.001972198486328125,True,OK
n7_medium_006,empty,medium,empty,7,7.099999999999999,7.099999999999999,0.0,0.0,0.0018074512481689453,True,OK
n7_medium_007,empty,medium,empty,7,6.199999999999999,6.199999999999999,0.0,0.0,0.001867055892944336,True,OK
n7_medium_008,empty,medium,empty,7,7.300000000000001,7.300000000000001,0.0,0.0,0.0019497871398925781,True,OK
n7_medium_009,empty,medium,empty,7,7.099999999999999,7.099999999999999,0.0,0.0,0.003952741622924805,True,OK
n7_medium_010,empty,medium,empty,7,6.199999999999999,6.199999999999999,0.0,0.0,0.0027980804443359375,True,OK
n7_medium_014,empty,medium,empty,7,7.4,7.4,0.0,0.0,0.0025238990783691406,True,OK
n7_medium_015,empty,medium,empty,7,7.300000000000001,7.300000000000001,0.0,0.0,0.0017905235290527344,True,OK
n7_medium_016,empty,medium,empty,7,7.4,7.4,0.0,0.0,0.0019180774688720703,True,OK
n8_high_010,empty,medium,empty,8,7.500000000000001,7.500000000000001,0.0,0.0,0.002039194107055664,True,OK
n8_high_011,empty,medium,empty,8,7.7,7.7,0.0,0.0,0.0026044845581054688,True,OK
n8_high_012,empty,medium,empty,8,8.0,8.0,0.0,0.0,0.0022509098052978516,True,OK
n8_high_013,empty,medium,empty,8,7.0,7.0,0.0,0.0,0.003434419631958008,True,OK
n8_high_014,empty,medium,empty,8,6.6,6.6,0.0,0.0,0.002111673355102539,True,OK
n8_high_015,empty,medium,empty,8,7.9,7.9,0.0,0.0,0.002466440200805664,True,OK
n8_high_016,empty,medium,empty,8,7.500000000000001,7.500000000000001,0.0,0.0,0.0021343231201171875,True,OK
n8_high_017,empty,medium,empty,8,7.7,7.7,0.0,0.0,0.002009153366088867,True,OK
n8_high_018,empty,medium,empty,8,8.0,8.0,0.0,0.0,0.0022652149200439453,True,OK
n8_high_026,empty,medium,empty,8,7.0,7.0,0.0,0.0,0.0029954910278320312,True,OK
n8_high_027,empty,medium,empty,8,6.6,6.6,0.0,0.0,0.0021021366119384766,True,OK
n8_high_028,empty,medium,empty,8,6.700000000000001,6.700000000000001,0.0,0.0,0.0039098262786865234,True,OK
n8_high_029,empty,medium,empty,8,7.900000000000001,7.900000000000001,0.0,0.0,0.008025646209716797,True,OK
n8_high_030,empty,medium,empty,8,7.9,7.9,0.0,0.0,0.0021567344665527344,True,OK
n8_high_031,empty,medium,empty,8,6.700000000000001,6.700000000000001,0.0,0.0,0.0021588802337646484,True,OK
n8_high_032,empty,medium,empty,8,7.900000000000001,7.900000000000001,0.0,0.0,0.002035856246948242,True,OK
n8_medium_006,empty,medium,empty,8,8.0,8.0,0.0,0.0,0.0021598339080810547,True,OK
n8_medium_007,empty,medium,empty,8,7.8,7.8,0.0,0.0,0.0076751708984375,True,OK
n8_medium_008,empty,medium,empty,8,6.2,6.2,0.0,0.0,0.0021402835845947266,True,OK
n8_medium_009,empty,medium,empty,8,8.0,8.0,0.0,0.0,0.002719402313232422,True,OK
n8_medium_010,empty,medium,empty,8,7.8,7.8,0.0,0.0,0.0020966529846191406,True,OK
n8_medium_014,empty,medium,empty,8,7.9,7.9,0.0,0.0,0.0023746490478515625,True,OK
n8_medium_015,empty,medium,empty,8,6.2,6.2,0.0,0.0,0.0023331642150878906,True,OK
n8_medium_016,empty,medium,empty,8,7.9,7.9,0.0,0.0,0.002468109130859375,True,OK
n9_high_010,empty,medium,empty,9,7.8,7.8,0.0,0.0,0.008202314376831055,True,OK
n9_high_011,empty,medium,empty,9,6.4,6.4,0.0,0.0,0.002468109130859375,True,OK
n9_high_012,empty,medium,empty,9,7.7,7.7,0.0,0.0,0.002851247787475586,True,OK
n9_high_013,empty,medium,empty,9,8.0,8.0,0.0,0.0,0.0024526119232177734,True,OK
n9_high_014,empty,medium,empty,9,7.7,6.900036059839201,0.799963940160799,10.389142080010377,0.002477407455444336,True,OK
n9_high_015,empty,medium,empty,9,7.2,7.2,0.0,0.0,0.0027136802673339844,True,OK
n9_high_016,empty,medium,empty,9,7.8,7.8,0.0,0.0,0.002764463424682617,True,OK
n9_high_017,empty,medium,empty,9,6.4,6.4,0.0,0.0,0.002497434616088867,True,OK
n9_high_018,empty,medium,empty,9,7.7,7.7,0.0,0.0,0.0026330947875976562,True,OK
n9_high_026,empty,medium,empty,9,8.0,8.0,0.0,0.0,0.0030090808868408203,True,OK
n9_high_027,empty,medium,empty,9,7.7,6.900036059839201,0.799963940160799,10.389142080010377,0.002394437789916992,True,OK
n9_high_028,empty,medium,empty,9,7.4,7.4,0.0,0.0,0.002476930618286133,True,OK
n9_high_029,empty,medium,empty,9,6.9,6.9,0.0,0.0,0.0024199485778808594,True,OK
n9_high_030,empty,medium,empty,9,7.2,7.2,0.0,0.0,0.002453327178955078,True,OK
n9_high_031,empty,medium,empty,9,7.4,7.4,0.0,0.0,0.002293109893798828,True,OK
n9_high_032,empty,medium,empty,9,6.9,6.9,0.0,0.0,0.0026154518127441406,True,OK
n9_medium_006,empty,medium,empty,9,7.5,7.5,0.0,0.0,0.002365589141845703,True,OK
n9_medium_007,empty,medium,empty,9,7.199999999999999,7.199999999999999,0.0,0.0,0.0022764205932617188,True,OK
n9_medium_008,empty,medium,empty,9,7.3,7.3,0.0,0.0,0.0022802352905273438,True,OK
n9_medium_009,empty,medium,empty,9,7.5,7.5,0.0,0.0,0.002280712127685547,True,OK
n9_medium_010,empty,medium,empty,9,7.199999999999999,7.199999999999999,0.0,0.0,0.0022859573364257812,True,OK
n9_medium_014,empty,medium,empty,9,7.900000000000001,7.900000000000001,0.0,0.0,0.0027108192443847656,True,OK
n9_medium_015,empty,medium,empty,9,7.3,7.3,0.0,0.0,0.0022971630096435547,True,OK
n9_medium_016,empty,medium,empty,9,7.900000000000001,7.900000000000001,0.0,0.0,0.0022895336151123047,True,OK
n11_high_010,empty,large,empty,11,7.8,7.8,0.0,0.0,0.003533601760864258,True,OK
n11_high_011,empty,large,empty,11,7.0,7.0,0.0,0.0,0.0035088062286376953,True,OK
n11_high_012,empty,large,empty,11,7.9,7.9,0.0,0.0,0.0032711029052734375,True,OK
n11_high_013,empty,large,empty,11,7.8,7.8,0.0,0.0,0.003279447555541992,True,OK
n11_high_014,empty,large,empty,11,7.6,7.6,0.0,0.0,0.003235340118408203,True,OK
n11_high_015,empty,large,empty,11,7.4,7.4,0.0,0.0,0.0037813186645507812,True,OK
n11_high_016,empty,large,empty,11,7.8,7.8,0.0,0.0,0.004206657409667969,True,OK
n11_high_017,empty,large,empty,11,7.0,7.0,0.0,0.0,0.003214120864868164,True,OK
n11_high_018,empty,large,empty,11,7.9,7.9,0.0,0.0,0.003270387649536133,True,OK
n11_high_026,empty,large,empty,11,7.8,7.8,0.0,0.0,0.003325223922729492,True,OK
n11_high_027,empty,large,empty,11,7.6,7.6,0.0,0.0,0.003501415252685547,True,OK
n11_high_028,empty,large,empty,11,7.400000000000001,7.400000000000001,0.0,0.0,0.003268718719482422,True,OK
n11_high_029,empty,large,empty,11,7.4,7.4,0.0,0.0,0.0033042430877685547,True,OK
n11_high_030,empty,large,empty,11,7.4,7.4,0.0,0.0,0.003498554229736328,True,OK
n11_high_031,empty,large,empty,11,7.400000000000001,7.400000000000001,0.0,0.0,0.003337383270263672,True,OK
n11_high_032,empty,large,empty,11,7.4,7.4,0.0,0.0,0.003408193588256836,True,OK
n12_high_010,empty,large,empty,12,7.400000000000001,7.400000000000001,0.0,0.0,0.004271268844604492,True,OK
n12_high_011,empty,large,empty,12,6.7,6.7,0.0,0.0,0.0038993358612060547,True,OK
n12_high_012,empty,large,empty,12,7.6,7.6,0.0,0.0,0.004320859909057617,True,OK
n12_high_013,empty,large,empty,12,8.0,7.900206635894303,0.09979336410569672,1.247417051321209,0.0038182735443115234,True,OK
n12_high_014,empty,large,empty,12,7.8,7.8,0.0,0.0,0.0038230419158935547,True,OK
n12_high_015,empty,large,empty,12,6.7,6.7,0.0,0.0,0.004536628723144531,True,OK
n12_high_016,empty,large,empty,12,7.400000000000001,7.400000000000001,0.0,0.0,0.004317045211791992,True,OK
n12_high_017,empty,large,empty,12,6.7,6.7,0.0,0.0,0.003917217254638672,True,OK
n12_high_018,empty,large,empty,12,7.6,7.6,0.0,0.0,0.003958702087402344,True,OK
n12_high_026,empty,large,empty,12,8.0,7.900206635894303,0.09979336410569672,1.247417051321209,0.0041010379791259766,True,OK
n12_high_027,empty,large,empty,12,7.8,7.8,0.0,0.0,0.003877878189086914,True,OK
n12_high_028,empty,large,empty,12,7.8,7.8,0.0,0.0,0.003829479217529297,True,OK
n12_high_029,empty,large,empty,12,8.0,7.600195197184,0.39980480281599995,4.997560035199999,0.0037801265716552734,True,OK
n12_high_030,empty,large,empty,12,6.7,6.7,0.0,0.0,0.0037224292755126953,True,OK
n12_high_031,empty,large,empty,12,7.8,7.8,0.0,0.0,0.0037674903869628906,True,OK
n12_high_032,empty,large,empty,12,8.0,7.600195197184,0.39980480281599995,4.997560035199999,0.0041217803955078125,True,OK
n13_high_010,empty,large,empty,13,7.7,7.7,0.0,0.0,0.004617452621459961,True,OK
n13_high_011,empty,large,empty,13,7.9,6.800071623927005,1.0999283760729952,13.92314400092399,0.004553079605102539,True,OK
n13_high_012,empty,large,empty,13,7.4,7.4,0.0,0.0,0.0045812129974365234,True,OK
n13_high_013,empty,large,empty,13,7.900000000000001,7.900000000000001,0.0,0.0,0.0045893192291259766,True,OK
n13_high_014,empty,large,empty,13,7.8999999999999995,7.8999999999999995,0.0,0.0,0.00455927848815918,True,OK
n13_high_015,empty,large,empty,13,7.9,7.9,0.0,0.0,0.005736351013183594,True,OK
n13_high_016,empty,large,empty,13,7.7,7.7,0.0,0.0,0.004708290100097656,True,OK
n13_high_017,empty,large,empty,13,7.9,6.800071623927005,1.0999283760729952,13.92314400092399,0.004914522171020508,True,OK
n13_high_018,empty,large,empty,13,7.4,7.4,0.0,0.0,0.0046482086181640625,True,OK
n13_high_026,empty,large,empty,13,7.900000000000001,7.900000000000001,0.0,0.0,0.005084514617919922,True,OK
n13_high_027,empty,large,empty,13,7.8999999999999995,7.8999999999999995,0.0,0.0,0.0046558380126953125,True,OK
n13_high_028,empty,large,empty,13,7.8,7.8,0.0,0.0,0.004701375961303711,True,OK
n13_high_029,empty,large,empty,13,6.6,6.6,0.0,0.0,0.004545688629150391,True,OK
n13_high_030,empty,large,empty,13,7.9,7.9,0.0,0.0,0.004751682281494141,True,OK
n13_high_031,empty,large,empty,13,7.8,7.8,0.0,0.0,0.004525423049926758,True,OK
n13_high_032,empty,large,empty,13,6.6,6.6,0.0,0.0,0.004624128341674805,True,OK
n14_high_010,empty,large,empty,14,8.0,8.0,0.0,0.0,0.005231618881225586,True,OK
n14_high_011,empty,large,empty,14,6.9,6.9,0.0,0.0,0.005912065505981445,True,OK
n14_high_012,empty,large,empty,14,7.099999999999999,7.099999999999999,0.0,0.0,0.005797147750854492,True,OK
n14_high_013,empty,large,empty,14,7.5,7.5,0.0,0.0,0.005419731140136719,True,OK
n14_high_014,empty,large,empty,14,7.6000000000000005,7.6000000000000005,0.0,0.0,0.0055658817291259766,True,OK
n14_high_015,empty,large,empty,14,7.6,7.6,0.0,0.0,0.00526738166809082,True,OK
n14_high_016,empty,large,empty,14,8.0,8.0,0.0,0.0,0.005257844924926758,True,OK
n14_high_017,empty,large,empty,14,6.9,6.9,0.0,0.0,0.005265235900878906,True,OK
n14_high_018,empty,large,empty,14,7.099999999999999,7.099999999999999,0.0,0.0,0.005274534225463867,True,OK
n14_high_026,empty,large,empty,14,7.5,7.5,0.0,0.0,0.005318641662597656,True,OK
n14_high_027,empty,large,empty,14,7.6000000000000005,7.6000000000000005,0.0,0.0,0.005669832229614258,True,OK
n14_high_028,empty,large,empty,14,7.1000000000000005,7.1000000000000005,0.0,0.0,0.0052983760833740234,True,OK
n14_high_029,empty,large,empty,14,6.9,6.9,0.0,0.0,0.005236387252807617,True,OK
n14_high_030,empty,large,empty,14,7.6,7.6,0.0,0.0,0.005284309387207031,True,OK
n14_high_031,empty,large,empty,14,7.1000000000000005,7.1000000000000005,0.0,0.0,0.005197048187255859,True,OK
n14_high_032,empty,large,empty,14,6.9,6.9,0.0,0.0,0.005213022232055664,True,OK
n15_high_010,empty,large,empty,15,7.8,7.8,0.0,0.0,0.006109476089477539,True,OK
n15_high_011,empty,large,empty,15,7.9,7.9,0.0,0.0,0.006300687789916992,True,OK
n15_high_012,empty,large,empty,15,7.8,7.8,0.0,0.0,0.007025718688964844,True,OK
n15_high_013,empty,large,empty,15,7.5,7.5,0.0,0.0,0.0065233707427978516,True,OK
n15_high_014,empty,large,empty,15,7.4,7.4,0.0,0.0,0.006449222564697266,True,OK
n15_high_015,empty,large,empty,15,8.0,8.0,0.0,0.0,0.006153106689453125,True,OK
n15_high_016,empty,large,empty,15,7.8,7.8,0.0,0.0,0.0061206817626953125,True,OK
n15_high_017,empty,large,empty,15,7.9,7.9,0.0,0.0,0.00640869140625,True,OK
n15_high_018,empty,large,empty,15,7.8,7.8,0.0,0.0,0.0059719085693359375,True,OK
n15_high_026,empty,large,empty,15,7.5,7.5,0.0,0.0,0.006317853927612305,True,OK
n15_high_027,empty,large,empty,15,7.4,7.4,0.0,0.0,0.007157802581787109,True,OK
n15_high_028,empty,large,empty,15,7.1000000000000005,6.900042135100017,0.19995786489998313,2.8163079563377904,0.0062520503997802734,True,OK
n15_high_029,empty,large,empty,15,7.7,7.7,0.0,0.0,0.006210803985595703,True,OK
n15_high_030,empty,large,empty,15,8.0,8.0,0.0,0.0,0.006119966506958008,True,OK
n15_high_031,empty,large,empty,15,7.1000000000000005,6.900042135100017,0.19995786489998313,2.8163079563377904,0.0062482357025146484,True,OK
n15_high_032,empty,large,empty,15,7.7,7.7,0.0,0.0,0.006784915924072266,True,OK
chain_3,non_empty,small,chain,3,5.9486,5.9486,0.0,0.0,0.001241922378540039,True,OK
chain_3_medium_v1,non_empty,small,chain,3,9.6144,9.6144,0.0,0.0,0.0010831356048583984,True,OK
chain_4,non_empty,small,chain,4,6.240234,6.240234,0.0,0.0,0.0010554790496826172,True,OK
chain_4_high_v1,non_empty,small,chain,4,12.875569999999998,12.875569999999998,0.0,0.0,0.001825094223022461,True,OK
chain_4_very_high_v1,non_empty,small,chain,4,8.6927033,8.6927033,0.0,0.0,0.0009055137634277344,True,OK
chain_5_high,non_empty,small,chain,5,9.181455112000002,9.181455112000002,0.0,0.0,0.0009291172027587891,True,OK
chain_5_medium,non_empty,small,chain,5,7.872279588,7.872279588,0.0,0.0,0.0009102821350097656,True,OK
chain_5_very_high,non_empty,small,chain,5,9.88555878,9.88555878,0.0,0.0,0.0010066032409667969,True,OK
high_risk_4,non_empty,small,parallel,4,5.0,5.0,0.0,0.0,0.00112152099609375,True,OK
parallel_3,non_empty,small,parallel,3,5.0,5.0,0.0,0.0,0.001062154769897461,True,OK
parallel_3_medium_v1,non_empty,small,parallel,3,12.836500000000001,12.836500000000001,0.0,0.0,0.000820159912109375,True,OK
parallel_3_very_high,non_empty,small,parallel,3,8.28424,8.28424,0.0,0.0,0.0008580684661865234,True,OK
parallel_5_high,non_empty,small,parallel,5,4.958344704000001,4.958344704000001,0.0,0.0,0.0015473365783691406,True,OK
parallel_5_high_v1,non_empty,small,parallel,5,8.795084000000001,8.795084000000001,0.0,0.0,0.001960277557373047,True,OK
parallel_5_medium,non_empty,small,parallel,5,8.8812872,8.8812872,0.0,0.0,0.0014491081237792969,True,OK
parallel_5_very_high_v1,non_empty,small,parallel,5,9.187501392,9.187501392,0.0,0.0,0.0015401840209960938,True,OK
mixed_3_high_v1,non_empty,small,mixed,3,7.2,7.2,0.0,0.0,0.001316070556640625,True,OK
mixed_3_very_high,non_empty,small,mixed,3,7.6,7.6,0.0,0.0,0.0012676715850830078,True,OK
mixed_4,non_empty,small,mixed,4,5.51,5.51,0.0,0.0,0.001409292221069336,True,OK
mixed_4_high,non_empty,small,mixed,4,9.450800000000001,9.450800000000001,0.0,0.0,0.0011913776397705078,True,OK
mixed_4_medium,non_empty,small,mixed,4,10.4288,10.4288,0.0,0.0,0.0011870861053466797,True,OK
mixed_4_medium_v1,non_empty,small,mixed,4,8.3798885,8.3798885,0.0,0.0,0.001186370849609375,True,OK
mixed_4_very_high_v1,non_empty,small,mixed,4,6.056000000000001,6.056000000000001,0.0,0.0,0.0013728141784667969,True,OK
varied_durations_5,non_empty,small,mixed,5,15.0,15.0,0.0,0.0,0.001451730728149414,True,OK
dag_3_high,non_empty,small,dag,3,7.2,7.2,0.0,0.0,0.0014963150024414062,True,OK
dag_3_medium,non_empty,small,dag,3,6.2,6.2,0.0,0.0,0.001064300537109375,True,OK
dag_3_very_high,non_empty,small,dag,3,7.2,7.2,0.0,0.0,0.0010328292846679688,True,OK
dag_4_medium_v1,non_empty,small,dag,4,10.046374,10.046374,0.0,0.0,0.0009725093841552734,True,OK
dag_5_high_v1,non_empty,small,dag,5,9.624835618000002,9.624835618000002,0.0,0.0,0.0012385845184326172,True,OK
dag_5_very_high_v1,non_empty,small,dag,5,8.24182735,8.24182735,0.0,0.0,0.0012276172637939453,True,OK
chain_6,non_empty,medium,chain,6,7.478757372800001,7.478757372800001,0.0,0.0,0.0009043216705322266,True,OK
chain_6_very_high,non_empty,medium,chain,6,8.715469306880001,8.715469306880001,0.0,0.0,0.0012049674987792969,True,OK
chain_7_medium_v1,non_empty,medium,chain,7,7.9131442998696,7.9131442998696,0.0,0.0,0.0011630058288574219,True,OK
chain_8_high,non_empty,medium,chain,8,11.469342027712,11.469342027712,0.0,0.0,0.0011858940124511719,True,OK
chain_8_high_v1,non_empty,medium,chain,8,10.0180404235392,10.0180404235392,0.0,0.0,0.0013782978057861328,True,OK
chain_8_very_high_v1,non_empty,medium,chain,8,3.8747998666959997,3.8747998666959997,0.0,0.0,0.0016472339630126953,True,OK
chain_9_medium,non_empty,medium,chain,9,9.01072839753024,9.01072839753024,0.0,0.0,0.000997304916381836,True,OK
parallel_6,non_empty,medium,parallel,6,6.0,6.0,0.0,0.0,0.0017216205596923828,True,OK
parallel_6_high,non_empty,medium,parallel,6,7.302445120000001,7.302445120000001,0.0,0.0,0.0024383068084716797,True,OK
parallel_6_high_v1,non_empty,medium,parallel,6,8.06961703566,8.06961703566,0.0,0.0,0.0018246173858642578,True,OK
parallel_6_medium,non_empty,medium,parallel,6,7.990400241160001,6.6104943180000015,1.379905923159999,17.26954697527983,0.0027916431427001953,True,OK
parallel_6_very_high,non_empty,medium,parallel,6,7.616432154400001,7.616432154400001,0.0,0.0,0.0014951229095458984,True,OK
parallel_7_medium_v1,non_empty,medium,parallel,7,7.7774257053184,7.7774257053184,0.0,0.0,0.0017466545104980469,True,OK
parallel_7_very_high_v1,non_empty,medium,parallel,7,6.47396281305,6.47396281305,0.0,0.0,0.0018579959869384766,True,OK
mixed_10_medium_v1,non_empty,medium,mixed,10,7.17225,7.17225,0.0,0.0,0.002745389938354492,True,OK
mixed_10_very_high_v1,non_empty,medium,mixed,10,7.7407252203575005,7.7407252203575005,0.0,0.0,0.002710580825805664,True,OK
mixed_6_high,non_empty,medium,mixed,6,7.8694424000000005,7.56248448,0.30695792000000033,3.9006311298498137,0.0014195442199707031,True,OK
mixed_8,non_empty,medium,mixed,8,10.0050160732336,10.0050160732336,0.0,0.0,0.0019466876983642578,True,OK
mixed_8_high_v1,non_empty,medium,mixed,8,8.57322616832,8.57322616832,0.0,0.0,0.0019032955169677734,True,OK
mixed_8_very_high,non_empty,medium,mixed,8,7.473319827968001,7.473319827968001,0.0,0.0,0.0019350051879882812,True,OK
mixed_9_medium,non_empty,medium,mixed,9,7.8868739,7.8868739,0.0,0.0,0.00228118896484375,True,OK
sparse_10,non_empty,medium,mixed,10,6.010859038539649,6.010859038539649,0.0,0.0,0.0028116703033447266,True,OK
dag_10_very_high,non_empty,medium,dag,10,6.881924227465286,6.881924227465286,0.0,0.0,0.0283966064453125,True,OK
dag_10_very_high_v1,non_empty,medium,dag,10,7.09537432109128,7.09537432109128,0.0,0.0,0.012794971466064453,True,OK
dag_6_high,non_empty,medium,dag,6,7.456593258000001,7.456593258000001,0.0,0.0,0.001317739486694336,True,OK
dag_7,non_empty,medium,dag,7,3.547142786,3.547142786,0.0,0.0,0.0018160343170166016,True,OK
dag_7_high_v1,non_empty,medium,dag,7,8.2444656128,8.2444656128,0.0,0.0,0.0015578269958496094,True,OK
dag_7_medium,non_empty,medium,dag,7,9.40155269264,9.40155269264,0.0,0.0,0.0015990734100341797,True,OK
dag_8_medium_v1,non_empty,medium,dag,8,8.684584108031997,8.684584108031997,0.0,0.0,0.001664876937866211,True,OK
chain_11_very_high,non_empty,large,chain,11,6.265830171489898,6.265830171489898,0.0,0.0,0.0012383460998535156,True,OK
chain_12,non_empty,large,chain,12,9.640566999131876,9.640566999131876,0.0,0.0,0.0015158653259277344,True,OK
chain_12_very_high_v1,non_empty,large,chain,12,6.916395019717473,6.916395019717473,0.0,0.0,0.0019714832305908203,True,OK
chain_13,non_empty,large,chain,13,5.028008723935963,5.028008723935963,0.0,0.0,0.0015048980712890625,True,OK
chain_13_high,non_empty,large,chain,13,6.6295433319176595,6.6295433319176595,0.0,0.0,0.0015115737915039062,True,OK
chain_14,non_empty,large,chain,14,5.171932646927293,5.171932646927293,0.0,0.0,0.0016112327575683594,True,OK
chain_15,non_empty,large,chain,15,6.864469935877456,6.864469935877456,0.0,0.0,0.002287626266479492,True,OK
chain_15_high_v1,non_empty,large,chain,15,8.836920095057918,8.836920095057918,0.0,0.0,0.0018651485443115234,True,OK
parallel_11_very_high,non_empty,large,parallel,11,7.800429668568518,7.800429668568518,0.0,0.0,0.0031778812408447266,True,OK
parallel_11_very_high_v1,non_empty,large,parallel,11,7.910218930833772,7.910218930833772,0.0,0.0,0.0033478736877441406,True,OK
parallel_12,non_empty,large,parallel,12,7.699999999999999,7.699999999999999,0.0,0.0,0.004648447036743164,True,OK
parallel_12_high,non_empty,large,parallel,12,8.000145353035519,8.000145353035519,0.0,0.0,0.004627704620361328,True,OK
parallel_13,non_empty,large,parallel,13,7.2,6.3000999090713945,0.8999000909286057,12.498612374008413,0.0053446292877197266,True,OK
parallel_13_high_v1,non_empty,large,parallel,13,8.000027605011855,8.000027605011855,0.0,0.0,0.0052449703216552734,True,OK
parallel_14,non_empty,large,parallel,14,7.4,7.4,0.0,0.0,0.006076812744140625,True,OK
parallel_15,non_empty,large,parallel,15,7.5,7.5,0.0,0.0,0.006368160247802734,True,OK
mixed_11_very_high,non_empty,large,mixed,11,6.2232722952875,6.2232722952875,0.0,0.0,0.0032281875610351562,True,OK
mixed_12,non_empty,large,mixed,12,5.975283489740184,5.975283489740184,0.0,0.0,0.0037467479705810547,True,OK
mixed_12_high_v1,non_empty,large,mixed,12,7.8365148,7.8365148,0.0,0.0,0.0037796497344970703,True,OK
mixed_13,non_empty,large,mixed,13,6.687031050008371,6.687031050008371,0.0,0.0,0.004606485366821289,True,OK
mixed_13_high,non_empty,large,mixed,13,7.9005976858888,7.9005976858888,0.0,0.0,0.00453495979309082,True,OK
mixed_14,non_empty,large,mixed,14,7.840230994561671,7.840230994561671,0.0,0.0,0.005196571350097656,True,OK
mixed_15,non_empty,large,mixed,15,6.2957792942673985,6.2957792942673985,0.0,0.0,0.0064389705657958984,True,OK
mixed_15_very_high_v1,non_empty,large,mixed,15,8.330000150476044,8.252000317230861,0.07799983324518323,0.9363725310464212,0.006732463836669922,True,OK
mixed_20,non_empty,large,mixed,20,6.000000633030927,6.000000633030927,0.0,0.0,0.014375448226928711,True,OK
dag_12,non_empty,large,dag,12,5.196838280453683,5.19634331152973,0.0004949689239532873,0.00952442422183814,0.003943920135498047,True,OK
dag_13,non_empty,large,dag,13,7.504116636960661,7.504116636960661,0.0,0.0,0.004311561584472656,True,OK
dag_13_high,non_empty,large,dag,13,6.700524552846709,6.700524552846709,0.0,0.0,0.004770755767822266,True,OK
dag_13_high_v1,non_empty,large,dag,13,8.01634126490524,8.01634126490524,0.0,0.0,0.0046100616455078125,True,OK
dag_14,non_empty,large,dag,14,4.629018105844295,4.615507115965638,0.013510989878657398,0.2918759350195521,0.004996299743652344,True,OK
dag_15,non_empty,large,dag,15,7.6158238965856,7.6158238965856,0.0,0.0,0.00603175163269043,True,OK
dag_15_very_high,non_empty,large,dag,15,6.50001493192354,6.50001493192354,0.0,0.0,0.006368398666381836,True,OK
dag_15_very_high_v1,non_empty,large,dag,15,7.1003246365081845,7.1003246365081845,0.0,0.0,0.006700038909912109,True,OK
